horizon,scheme,gamma,n_dates,n_rows,M1_marginal,M2_cond_err_pp,M2_sigma_err_pp,mean_width,level_match_c,M1lm_marginal,M2lm_cond_err_pp,M2lm_sigma_err_pp,mean_width_lm,min_decile_cov_lm,sigma_decile_cov_lm,p10_date_cov_lm
3,S0_pooled,0.2,708,844520,0.8049874484914508,6.283581709148526,9.482451570122674,531.176955284455,0.9770034007583976,0.8,6.336831210767424,9.75455880263345,518.9616917174038,0.623241604698527,65 71 75 79 83 87 79 62 99 100,0.6905658813894109
3,R_roll,0.2,708,844520,0.8008265049969213,5.23140930723602,9.156112347842562,539.4358512505133,0.9965529893729872,0.7999976317908397,5.238142010499521,9.204186993795291,537.5764101386611,0.6409202860796666,66 72 75 79 82 85 79 64 99 100,0.7122505120276295
3,A_aci,0.2,708,844520,0.8014682896793445,4.119720290599212,8.98891678113011,545.7937867387325,0.9936189594650706,0.7999988158954199,4.124561764222566,9.066712452043765,542.31105446184,0.6461421872779803,66 72 75 79 82 85 79 65 99 100,0.7419396515315564
3,P_aci,0.2,708,844520,0.5109458627385971,28.571048878380402,35.225169326954955,192.72633130120363,3.5694052708165174,0.8,10.598115302027196,8.150239189125186,687.9183827716466,0.673791029223701,67 72 73 76 79 82 79 73 99 100,0.6112755786648776
7,S0_pooled,0.005,706,836472,0.7987416195640739,6.0073213271376735,9.667032294746324,656.7483832183606,1.0050986015908374,0.8000004781989116,5.985178533662764,9.587770901463085,660.0968815698177,0.6272594682478959,63 71 75 80 83 86 78 67 100 100,0.7012872893554711
7,R_roll,0.005,706,836472,0.7994362034832009,6.544398693230965,9.154283299085348,688.6067520220827,1.0020527038346025,0.7999992827016326,6.540631788787805,9.119494342270446,690.0202577424916,0.6343247895944912,63 71 74 79 82 84 78 69 100 100,0.6920992097655994
7,A_aci,0.005,706,836472,0.8034447058598495,6.053282815032402,9.472023139828998,668.6709168843198,0.9858018525033401,0.7999992827016326,6.103386645894567,9.645513463776059,659.1770285796694,0.6264704475899006,63 71 75 80 83 86 78 67 100 100,0.6987781374563493
7,P_aci,0.005,706,836472,0.7910438125842826,6.181058579532092,10.06501286845678,645.710121477799,1.0365189150529552,0.8000004781989116,6.017920788606195,9.53134336071727,669.2907545528801,0.6278093917368018,63 71 74 79 83 85 78 67 100 100,0.7034417774724357
14,S0_pooled,0.01,701,825493,0.777560803059505,6.413541285324602,10.908494603418154,740.3663087420185,1.0850641042547386,0.8000007268383863,5.925058654054938,9.532537747398443,803.3449056155456,0.5993700787401575,60 69 74 79 82 85 77 73 100 100,0.7057569296375267
14,R_roll,0.01,701,825493,0.7986657670022641,7.2704860752673355,9.217816749024985,856.1846824279689,1.0048994222511491,0.8000007268383863,7.2579071010499945,9.13616837042748,860.3794927121498,0.600847970926711,60 69 73 78 81 84 78 76 100 100,0.6865109269027883
14,A_aci,0.01,701,825493,0.8098554439589434,6.11130736634913,8.74137191676894,861.6673994056155,0.9655755998306323,0.8000007268383863,6.210547497679247,9.365606427000436,832.005016035578,0.59595396729255,60 69 74 78 82 85 78 75 100 100,0.7029535864978903
14,P_aci,0.01,701,825493,0.776648620884732,6.436923587834976,10.81000906320721,768.1388492738091,1.0850959365693007,0.8000007268383863,5.919626600811069,9.189954559521976,833.5043440680288,0.6013082980012114,60 69 74 78 82 85 78 75 100 100,0.7047128129602357
