# name	first_archive_day  (2026-07-08 release; release_date = first day the archive priced it)
AK-47 | AUTOEXEC (Battle-Scarred)	2026-07-17
AK-47 | AUTOEXEC (Factory New)	2026-07-17
AK-47 | AUTOEXEC (Field-Tested)	2026-07-17
AK-47 | AUTOEXEC (Minimal Wear)	2026-07-17
AK-47 | AUTOEXEC (Well-Worn)	2026-07-17
AK-47 | Consequence of the Jinn (Battle-Scarred)	2026-07-17
AK-47 | Consequence of the Jinn (Factory New)	2026-07-17
AK-47 | Consequence of the Jinn (Field-Tested)	2026-07-17
AK-47 | Consequence of the Jinn (Minimal Wear)	2026-07-17
AK-47 | Consequence of the Jinn (Well-Worn)	2026-07-17
AUG | Lapis Lazuli (Battle-Scarred)	2026-07-17
AUG | Lapis Lazuli (Factory New)	2026-07-17
AUG | Lapis Lazuli (Field-Tested)	2026-07-17
AUG | Lapis Lazuli (Minimal Wear)	2026-07-17
AUG | Lapis Lazuli (Well-Worn)	2026-07-17
AUG | Signal Scanner (Battle-Scarred)	2026-07-17
AUG | Signal Scanner (Factory New)	2026-07-17
AUG | Signal Scanner (Field-Tested)	2026-07-17
AUG | Signal Scanner (Minimal Wear)	2026-07-17
AUG | Signal Scanner (Well-Worn)	2026-07-17
AWP | Black Box (Battle-Scarred)	2026-07-17
AWP | Black Box (Factory New)	2026-07-17
AWP | Black Box (Field-Tested)	2026-07-17
AWP | Black Box (Minimal Wear)	2026-07-17
AWP | Black Box (Well-Worn)	2026-07-17
AWP | Sovereign Flame (Battle-Scarred)	2026-07-17
AWP | Sovereign Flame (Factory New)	2026-07-17
AWP | Sovereign Flame (Field-Tested)	2026-07-17
AWP | Sovereign Flame (Minimal Wear)	2026-07-17
AWP | Sovereign Flame (Well-Worn)	2026-07-17
CZ75-Auto | Hydraulics (Battle-Scarred)	2026-07-17
CZ75-Auto | Hydraulics (Factory New)	2026-07-17
CZ75-Auto | Hydraulics (Field-Tested)	2026-07-17
CZ75-Auto | Hydraulics (Minimal Wear)	2026-07-17
CZ75-Auto | Hydraulics (Well-Worn)	2026-07-17
Desert Eagle | Eastern Enigma (Battle-Scarred)	2026-07-17
Desert Eagle | Eastern Enigma (Factory New)	2026-07-17
Desert Eagle | Eastern Enigma (Field-Tested)	2026-07-17
Desert Eagle | Eastern Enigma (Minimal Wear)	2026-07-17
Desert Eagle | Eastern Enigma (Well-Worn)	2026-07-17
Dual Berettas | Mystic Conjunction (Battle-Scarred)	2026-07-17
Dual Berettas | Mystic Conjunction (Factory New)	2026-07-17
Dual Berettas | Mystic Conjunction (Field-Tested)	2026-07-17
Dual Berettas | Mystic Conjunction (Minimal Wear)	2026-07-17
Dual Berettas | Mystic Conjunction (Well-Worn)	2026-07-17
FAMAS | Corp Defense (Battle-Scarred)	2026-07-17
FAMAS | Corp Defense (Factory New)	2026-07-17
FAMAS | Corp Defense (Field-Tested)	2026-07-17
FAMAS | Corp Defense (Minimal Wear)	2026-07-17
FAMAS | Corp Defense (Well-Worn)	2026-07-17
FAMAS | Snake Song (Battle-Scarred)	2026-07-17
FAMAS | Snake Song (Factory New)	2026-07-17
FAMAS | Snake Song (Field-Tested)	2026-07-17
FAMAS | Snake Song (Minimal Wear)	2026-07-17
FAMAS | Snake Song (Well-Worn)	2026-07-17
Five-SeveN | Desert Seal (Battle-Scarred)	2026-07-17
Five-SeveN | Desert Seal (Factory New)	2026-07-17
Five-SeveN | Desert Seal (Field-Tested)	2026-07-17
Five-SeveN | Desert Seal (Minimal Wear)	2026-07-17
Five-SeveN | Desert Seal (Well-Worn)	2026-07-17
Glock-18 | Ghost Protocol (Battle-Scarred)	2026-07-17
Glock-18 | Ghost Protocol (Factory New)	2026-07-17
Glock-18 | Ghost Protocol (Field-Tested)	2026-07-17
Glock-18 | Ghost Protocol (Minimal Wear)	2026-07-17
Glock-18 | Ghost Protocol (Well-Worn)	2026-07-17
Glock-18 | Ifrit Lattice (Battle-Scarred)	2026-07-17
Glock-18 | Ifrit Lattice (Factory New)	2026-07-17
Glock-18 | Ifrit Lattice (Field-Tested)	2026-07-17
Glock-18 | Ifrit Lattice (Minimal Wear)	2026-07-17
Glock-18 | Ifrit Lattice (Well-Worn)	2026-07-17
Jackass Sticker Capsule	2026-07-17
M4A1-S | Fatal Glitch (Battle-Scarred)	2026-07-17
M4A1-S | Fatal Glitch (Factory New)	2026-07-17
M4A1-S | Fatal Glitch (Field-Tested)	2026-07-17
M4A1-S | Fatal Glitch (Minimal Wear)	2026-07-17
M4A1-S | Fatal Glitch (Well-Worn)	2026-07-17
M4A4 | Dark Operative (Battle-Scarred)	2026-07-17
M4A4 | Dark Operative (Factory New)	2026-07-17
M4A4 | Dark Operative (Field-Tested)	2026-07-17
M4A4 | Dark Operative (Minimal Wear)	2026-07-17
M4A4 | Dark Operative (Well-Worn)	2026-07-17
M4A4 | Falak (Battle-Scarred)	2026-07-17
M4A4 | Falak (Factory New)	2026-07-17
M4A4 | Falak (Field-Tested)	2026-07-17
M4A4 | Falak (Minimal Wear)	2026-07-17
M4A4 | Falak (Well-Worn)	2026-07-17
MAC-10 | Arabesque Mosaic (Battle-Scarred)	2026-07-17
MAC-10 | Arabesque Mosaic (Factory New)	2026-07-17
MAC-10 | Arabesque Mosaic (Field-Tested)	2026-07-17
MAC-10 | Arabesque Mosaic (Minimal Wear)	2026-07-17
MAC-10 | Arabesque Mosaic (Well-Worn)	2026-07-17
MAC-10 | Video Cam (Battle-Scarred)	2026-07-17
MAC-10 | Video Cam (Factory New)	2026-07-17
MAC-10 | Video Cam (Field-Tested)	2026-07-17
MAC-10 | Video Cam (Minimal Wear)	2026-07-17
MAC-10 | Video Cam (Well-Worn)	2026-07-17
MP7 | Base-2 (Battle-Scarred)	2026-07-17
MP7 | Base-2 (Factory New)	2026-07-17
MP7 | Base-2 (Field-Tested)	2026-07-17
MP7 | Base-2 (Minimal Wear)	2026-07-17
MP7 | Base-2 (Well-Worn)	2026-07-17
MP9 | Dune Asp (Battle-Scarred)	2026-07-17
MP9 | Dune Asp (Factory New)	2026-07-17
MP9 | Dune Asp (Field-Tested)	2026-07-17
MP9 | Dune Asp (Minimal Wear)	2026-07-17
MP9 | Dune Asp (Well-Worn)	2026-07-17
MP9 | Spy Prototype (Battle-Scarred)	2026-07-17
MP9 | Spy Prototype (Factory New)	2026-07-17
MP9 | Spy Prototype (Field-Tested)	2026-07-17
MP9 | Spy Prototype (Minimal Wear)	2026-07-17
MP9 | Spy Prototype (Well-Worn)	2026-07-17
Nova | Morning Sun (Battle-Scarred)	2026-07-17
Nova | Morning Sun (Factory New)	2026-07-17
Nova | Morning Sun (Field-Tested)	2026-07-17
Nova | Morning Sun (Minimal Wear)	2026-07-17
Nova | Morning Sun (Well-Worn)	2026-07-17
Nova | Smart Gun (Battle-Scarred)	2026-07-17
Nova | Smart Gun (Factory New)	2026-07-17
Nova | Smart Gun (Field-Tested)	2026-07-17
Nova | Smart Gun (Minimal Wear)	2026-07-17
Nova | Smart Gun (Well-Worn)	2026-07-17
P250 | Lotus Imprint (Battle-Scarred)	2026-07-17
P250 | Lotus Imprint (Factory New)	2026-07-17
P250 | Lotus Imprint (Field-Tested)	2026-07-17
P250 | Lotus Imprint (Minimal Wear)	2026-07-17
P250 | Lotus Imprint (Well-Worn)	2026-07-17
PP-Bizon | Traitor (Battle-Scarred)	2026-07-17
PP-Bizon | Traitor (Factory New)	2026-07-17
PP-Bizon | Traitor (Field-Tested)	2026-07-17
PP-Bizon | Traitor (Minimal Wear)	2026-07-17
PP-Bizon | Traitor (Well-Worn)	2026-07-17
R8 Revolver | Monarch (Battle-Scarred)	2026-07-17
R8 Revolver | Monarch (Factory New)	2026-07-17
R8 Revolver | Monarch (Field-Tested)	2026-07-17
R8 Revolver | Monarch (Minimal Wear)	2026-07-17
R8 Revolver | Monarch (Well-Worn)	2026-07-17
SCAR-20 | Arctic Camo Panels (Battle-Scarred)	2026-07-17
SCAR-20 | Arctic Camo Panels (Factory New)	2026-07-17
SCAR-20 | Arctic Camo Panels (Field-Tested)	2026-07-17
SCAR-20 | Arctic Camo Panels (Minimal Wear)	2026-07-17
SCAR-20 | Arctic Camo Panels (Well-Worn)	2026-07-17
SCAR-20 | Sirocco Script (Battle-Scarred)	2026-07-17
SCAR-20 | Sirocco Script (Factory New)	2026-07-17
SCAR-20 | Sirocco Script (Field-Tested)	2026-07-17
SCAR-20 | Sirocco Script (Minimal Wear)	2026-07-17
SCAR-20 | Sirocco Script (Well-Worn)	2026-07-17
Sawed-Off | Lunar Wyrm (Battle-Scarred)	2026-07-17
Sawed-Off | Lunar Wyrm (Factory New)	2026-07-17
Sawed-Off | Lunar Wyrm (Field-Tested)	2026-07-17
Sawed-Off | Lunar Wyrm (Minimal Wear)	2026-07-17
Sawed-Off | Lunar Wyrm (Well-Worn)	2026-07-17
Souvenir AK-47 | AUTOEXEC (Factory New)	2026-08-22
Souvenir AK-47 | AUTOEXEC (Minimal Wear)	2026-07-29
Souvenir AK-47 | Consequence of the Jinn (Battle-Scarred)	2026-07-20
Souvenir AK-47 | Consequence of the Jinn (Factory New)	2026-08-07
Souvenir AK-47 | Consequence of the Jinn (Minimal Wear)	2026-07-31
Souvenir AUG | Lapis Lazuli (Factory New)	2026-08-11
Souvenir AUG | Lapis Lazuli (Field-Tested)	2026-08-24
Souvenir AUG | Lapis Lazuli (Minimal Wear)	2026-08-04
Souvenir AWP | Black Box (Battle-Scarred)	2026-08-15
Souvenir AWP | Black Box (Factory New)	2026-07-24
Souvenir AWP | Black Box (Field-Tested)	2026-09-21
Souvenir AWP | Black Box (Minimal Wear)	2026-07-26
Souvenir AWP | Black Box (Well-Worn)	2026-07-17
Souvenir AWP | Sovereign Flame (Factory New)	2026-08-04
Souvenir AWP | Sovereign Flame (Field-Tested)	2026-08-01
Souvenir AWP | Sovereign Flame (Minimal Wear)	2026-09-02
Souvenir AWP | Sovereign Flame (Well-Worn)	2026-08-10
Souvenir Desert Eagle | Eastern Enigma (Battle-Scarred)	2026-08-17
Souvenir Desert Eagle | Eastern Enigma (Minimal Wear)	2026-07-21
Souvenir Dual Berettas | Mystic Conjunction (Battle-Scarred)	2026-07-25
Souvenir Dual Berettas | Mystic Conjunction (Factory New)	2026-07-19
Souvenir FAMAS | Corp Defense (Battle-Scarred)	2026-07-17
Souvenir FAMAS | Corp Defense (Factory New)	2026-07-18
Souvenir FAMAS | Corp Defense (Minimal Wear)	2026-08-09
Souvenir FAMAS | Snake Song (Battle-Scarred)	2026-08-05
Souvenir Five-SeveN | Desert Seal (Factory New)	2026-07-23
Souvenir Five-SeveN | Desert Seal (Field-Tested)	2026-07-19
Souvenir Glock-18 | Ghost Protocol (Minimal Wear)	2026-07-26
Souvenir Glock-18 | Ifrit Lattice (Battle-Scarred)	2026-08-15
Souvenir Glock-18 | Ifrit Lattice (Field-Tested)	2026-08-11
Souvenir M4A1-S | Fatal Glitch (Battle-Scarred)	2026-08-15
Souvenir M4A4 | Dark Operative (Battle-Scarred)	2026-08-05
Souvenir M4A4 | Dark Operative (Factory New)	2026-07-17
Souvenir M4A4 | Dark Operative (Minimal Wear)	2026-07-17
Souvenir M4A4 | Dark Operative (Well-Worn)	2026-07-19
Souvenir M4A4 | Falak (Battle-Scarred)	2026-08-15
Souvenir M4A4 | Falak (Factory New)	2026-08-15
Souvenir MAC-10 | Arabesque Mosaic (Battle-Scarred)	2026-09-16
Souvenir MAC-10 | Arabesque Mosaic (Factory New)	2026-09-23
Souvenir MAC-10 | Video Cam (Battle-Scarred)	2026-07-17
Souvenir MP7 | Base-2 (Battle-Scarred)	2026-08-25
Souvenir MP9 | Dune Asp (Factory New)	2026-07-19
Souvenir MP9 | Dune Asp (Field-Tested)	2026-07-25
Souvenir MP9 | Dune Asp (Well-Worn)	2026-09-18
Souvenir MP9 | Spy Prototype (Factory New)	2026-07-28
Souvenir Nova | Morning Sun (Battle-Scarred)	2026-08-04
Souvenir P250 | Lotus Imprint (Factory New)	2026-09-27
Souvenir P250 | Lotus Imprint (Minimal Wear)	2026-08-04
Souvenir PP-Bizon | Traitor (Factory New)	2026-07-24
Souvenir SCAR-20 | Arctic Camo Panels (Well-Worn)	2026-07-28
Souvenir SCAR-20 | Sirocco Script (Factory New)	2026-07-17
Souvenir Sawed-Off | Lunar Wyrm (Battle-Scarred)	2026-07-24
Souvenir Tec-9 | Perimeter (Battle-Scarred)	2026-07-24
Souvenir Tec-9 | Sultan (Battle-Scarred)	2026-08-12
Souvenir Tec-9 | Sultan (Factory New)	2026-07-29
Souvenir Tec-9 | Sultan (Minimal Wear)	2026-07-17
Souvenir USP-S | Spiral Glitch (Battle-Scarred)	2026-08-15
Souvenir USP-S | Spiral Glitch (Minimal Wear)	2026-09-25
Souvenir XM1014 | Black Site (Battle-Scarred)	2026-08-13
Sticker Slab | Aceberry (Glitter)	2026-07-17
Sticker Slab | Agent Kucumber	2026-07-28
Sticker Slab | Airhorn	2026-07-17
Sticker Slab | Airhorn (Glitter)	2026-07-17
Sticker Slab | Apple A Day (Glitter)	2026-07-28
Sticker Slab | Assterisk	2026-07-17
Sticker Slab | Assterisk (Foil)	2026-07-17
Sticker Slab | Assterisk (Glitter)	2026-07-17
Sticker Slab | B'nana Strike	2026-07-28
Sticker Slab | B-A-N-A-N-A-S (Foil)	2026-07-28
Sticker Slab | Bananart (Foil)	2026-07-17
Sticker Slab | Big Red Rocket	2026-07-17
Sticker Slab | Big Red Rocket (Glitter)	2026-07-17
Sticker Slab | Blaze Breeze	2026-07-28
Sticker Slab | Bomb On Board	2026-07-28
Sticker Slab | Boner Snap	2026-07-17
Sticker Slab | Boner Snap (Holo)	2026-07-17
Sticker Slab | Boreal Blast	2026-07-28
Sticker Slab | Born To Peek (Foil)	2026-07-28
Sticker Slab | Box Logo	2026-07-28
Sticker Slab | Bunnyhop Hydraulics	2026-07-28
Sticker Slab | Burnout (Lenticular)	2026-08-05
Sticker Slab | Censored	2026-07-17
Sticker Slab | Censored (Foil)	2026-07-17
Sticker Slab | Checkered Kukri	2026-07-24
Sticker Slab | Cone Zone (Holo)	2026-07-21
Sticker Slab | Cry Baby	2026-08-05
Sticker Slab | Defusal Sprint	2026-07-17
Sticker Slab | Digital Dashboard (Lenticular)	2026-07-17
Sticker Slab | Dragon Fruit (Foil)	2026-07-17
Sticker Slab | Early Bird (Foil)	2026-07-17
Sticker Slab | Eco Mode (Foil)	2026-07-28
Sticker Slab | Electric Avenue (Lenticular)	2026-07-17
Sticker Slab | Engine Start (Holo)	2026-07-17
Sticker Slab | Explosives	2026-07-17
Sticker Slab | Explosives (Foil)	2026-07-17
Sticker Slab | First Lap (Holo)	2026-07-21
Sticker Slab | Fresh Cut	2026-07-28
Sticker Slab | From The Source	2026-07-28
Sticker Slab | From The Vine (Holo)	2026-07-28
Sticker Slab | Fruit Fly (Foil)	2026-09-26
Sticker Slab | Golf Cart	2026-07-17
Sticker Slab | Gonna Leave A Mark	2026-07-17
Sticker Slab | Gonna Leave A Mark (Holo)	2026-07-17
Sticker Slab | Handheld (Lenticular)	2026-07-17
Sticker Slab | Head In Hands	2026-07-17
Sticker Slab | Head In Hands (Glitter)	2026-07-17
Sticker Slab | Heckler	2026-07-18
Sticker Slab | High Five!	2026-07-17
Sticker Slab | High Five! (Glitter)	2026-07-18
Sticker Slab | Hot Pepper (Holo)	2026-07-23
Sticker Slab | Jackass	2026-07-17
Sticker Slab | Jackass (Holo)	2026-07-17
Sticker Slab | Juice Box (Holo)	2026-07-28
Sticker Slab | Killometer	2026-07-20
Sticker Slab | Knife Streak (Holo)	2026-07-17
Sticker Slab | Lemin	2026-07-28
Sticker Slab | Lucky Charms (Foil)	2026-07-28
Sticker Slab | NITRO! (Lenticular)	2026-07-23
Sticker Slab | Neo-Hold (Holo)	2026-07-17
Sticker Slab | Neo-Rush (Holo)	2026-07-23
Sticker Slab | Partyboy	2026-07-17
Sticker Slab | Partyboy (Lenticular)	2026-07-18
Sticker Slab | Peekle	2026-07-28
Sticker Slab | Pepper Gauge (Lenticular)	2026-07-28
Sticker Slab | Pineapple On Pizza (Lenticular)	2026-07-23
Sticker Slab | Please Be Patient	2026-07-28
Sticker Slab | Poo Cocktail Supreme (Lenticular)	2026-07-17
Sticker Slab | Pungent Comms	2026-07-28
Sticker Slab | Quality Control (Holo)	2026-07-17
Sticker Slab | Radiograph	2026-07-17
Sticker Slab | Radiograph (Foil)	2026-07-17
Sticker Slab | Radiograph (Holo)	2026-07-17
Sticker Slab | Radish K	2026-07-20
Sticker Slab | Rocket Skates	2026-07-17
Sticker Slab | Rocket Skates (Holo)	2026-07-17
Sticker Slab | Roentgen Raceclub	2026-07-28
Sticker Slab | Run Boost Lift Kits	2026-08-01
Sticker Slab | Safari Shine	2026-07-28
Sticker Slab | Safety First (Holo)	2026-07-21
Sticker Slab | Sand Dune Baja Tour	2026-07-28
Sticker Slab | Scratch N' Whiff	2026-07-28
Sticker Slab | Skull Bunny	2026-07-17
Sticker Slab | Skull Bunny (Glitter)	2026-07-23
Sticker Slab | Sniper Ahead (Foil)	2026-07-28
Sticker Slab | The Magic Trick	2026-07-17
Sticker Slab | The Magic Trick (Glitter)	2026-07-17
Sticker Slab | Turbo Peek (Foil)	2026-07-28
Sticker Slab | Ultra Fruity (Holo)	2026-07-17
Sticker Slab | W Performance Tires	2026-07-28
Sticker Slab | WARNING	2026-07-17
Sticker Slab | WARNING (Foil)	2026-07-17
Sticker Slab | ZZZAP!	2026-07-17
Sticker Slab | ZZZAP! (Holo)	2026-07-17
Sticker | Aceberry (Glitter)	2026-07-17
Sticker | Agent Kucumber	2026-07-17
Sticker | Airhorn	2026-07-17
Sticker | Airhorn (Glitter)	2026-07-17
Sticker | Apple A Day (Glitter)	2026-07-17
Sticker | Assterisk	2026-07-17
Sticker | Assterisk (Foil)	2026-07-17
Sticker | Assterisk (Glitter)	2026-07-17
Sticker | B'nana Strike	2026-07-17
Sticker | B-A-N-A-N-A-S (Foil)	2026-07-17
Sticker | Bananart (Foil)	2026-07-17
Sticker | Big Red Rocket	2026-07-17
Sticker | Big Red Rocket (Glitter)	2026-07-17
Sticker | Blaze Breeze	2026-07-17
Sticker | Bomb On Board	2026-07-17
Sticker | Boner Snap	2026-07-17
Sticker | Boner Snap (Holo)	2026-07-15
Sticker | Boreal Blast	2026-07-17
Sticker | Born To Peek (Foil)	2026-07-17
Sticker | Box Logo	2026-07-17
Sticker | Bunnyhop Hydraulics	2026-07-17
Sticker | Burnout (Lenticular)	2026-07-17
Sticker | Censored	2026-07-17
Sticker | Censored (Foil)	2026-07-17
Sticker | Checkered Kukri	2026-07-17
Sticker | Cone Zone (Holo)	2026-07-17
Sticker | Cry Baby	2026-07-17
Sticker | Defusal Sprint	2026-07-17
Sticker | Digital Dashboard (Lenticular)	2026-07-17
Sticker | Dragon Fruit (Foil)	2026-07-17
Sticker | Early Bird (Foil)	2026-07-17
Sticker | Eco Mode (Foil)	2026-07-17
Sticker | Electric Avenue (Lenticular)	2026-07-17
Sticker | Engine Start (Holo)	2026-07-17
Sticker | Explosives	2026-07-17
Sticker | Explosives (Foil)	2026-07-17
Sticker | First Lap (Holo)	2026-07-17
Sticker | Fresh Cut	2026-07-17
Sticker | From The Source	2026-07-17
Sticker | From The Vine (Holo)	2026-07-17
Sticker | Fruit Fly (Foil)	2026-07-17
Sticker | Golf Cart	2026-07-17
Sticker | Gonna Leave A Mark	2026-07-17
Sticker | Gonna Leave A Mark (Holo)	2026-07-17
Sticker | Handheld (Lenticular)	2026-07-17
Sticker | Head In Hands	2026-07-17
Sticker | Head In Hands (Glitter)	2026-07-17
Sticker | Heckler	2026-07-17
Sticker | High Five!	2026-07-17
Sticker | High Five! (Glitter)	2026-07-17
Sticker | Hot Pepper (Holo)	2026-07-17
Sticker | Jackass	2026-07-17
Sticker | Jackass (Holo)	2026-07-17
Sticker | Juice Box (Holo)	2026-07-17
Sticker | Killometer	2026-07-17
Sticker | Knife Streak (Holo)	2026-07-17
Sticker | Lemin	2026-07-17
Sticker | Lucky Charms (Foil)	2026-07-17
Sticker | NITRO! (Lenticular)	2026-07-17
Sticker | Neo-Hold (Holo)	2026-07-17
Sticker | Neo-Rush (Holo)	2026-07-17
Sticker | Partyboy	2026-07-17
Sticker | Partyboy (Lenticular)	2026-07-17
Sticker | Peekle	2026-07-17
Sticker | Pepper Gauge (Lenticular)	2026-07-17
Sticker | Pineapple On Pizza (Lenticular)	2026-07-17
Sticker | Please Be Patient	2026-07-17
Sticker | Poo Cocktail Supreme (Lenticular)	2026-07-17
Sticker | Pungent Comms	2026-07-17
Sticker | Quality Control (Holo)	2026-07-17
Sticker | Radiograph	2026-07-17
Sticker | Radiograph (Foil)	2026-07-17
Sticker | Radiograph (Holo)	2026-07-17
Sticker | Radish K	2026-07-17
Sticker | Rocket Skates	2026-07-17
Sticker | Rocket Skates (Holo)	2026-07-17
Sticker | Roentgen Raceclub	2026-07-17
Sticker | Run Boost Lift Kits	2026-07-17
Sticker | Safari Shine	2026-07-17
Sticker | Safety First (Holo)	2026-07-17
Sticker | Sand Dune Baja Tour	2026-07-17
Sticker | Scratch N' Whiff	2026-07-17
Sticker | Skull Bunny	2026-07-17
Sticker | Skull Bunny (Glitter)	2026-07-17
Sticker | Sniper Ahead (Foil)	2026-07-17
Sticker | The Magic Trick	2026-07-17
Sticker | The Magic Trick (Glitter)	2026-07-17
Sticker | Turbo Peek (Foil)	2026-07-17
Sticker | Ultra Fruity (Holo)	2026-07-17
Sticker | W Performance Tires	2026-07-17
Sticker | WARNING	2026-07-17
Sticker | WARNING (Foil)	2026-07-17
Sticker | ZZZAP!	2026-07-17
Sticker | ZZZAP! (Holo)	2026-07-17
Tec-9 | Perimeter (Battle-Scarred)	2026-07-17
Tec-9 | Perimeter (Factory New)	2026-07-17
Tec-9 | Perimeter (Field-Tested)	2026-07-17
Tec-9 | Perimeter (Minimal Wear)	2026-07-17
Tec-9 | Perimeter (Well-Worn)	2026-07-17
Tec-9 | Sultan (Battle-Scarred)	2026-07-17
Tec-9 | Sultan (Factory New)	2026-07-17
Tec-9 | Sultan (Field-Tested)	2026-07-17
Tec-9 | Sultan (Minimal Wear)	2026-07-17
Tec-9 | Sultan (Well-Worn)	2026-07-17
USP-S | Spiral Glitch (Battle-Scarred)	2026-07-17
USP-S | Spiral Glitch (Factory New)	2026-07-17
USP-S | Spiral Glitch (Field-Tested)	2026-07-17
USP-S | Spiral Glitch (Minimal Wear)	2026-07-17
USP-S | Spiral Glitch (Well-Worn)	2026-07-17
XM1014 | Black Site (Battle-Scarred)	2026-07-17
XM1014 | Black Site (Factory New)	2026-07-17
XM1014 | Black Site (Field-Tested)	2026-07-17
XM1014 | Black Site (Minimal Wear)	2026-07-17
XM1014 | Black Site (Well-Worn)	2026-07-17
