date,name,hypothesis,metric,estimate,ci_lo,ci_hi,n,verdict,link
2026-07-22,social-features,Reddit/social mentions carry tradable signal at some horizon,feature gain rank,outside top 20 of 122 at every horizon,,,,refuted,docs/changelog/2026-07-22-social-feature-audit.md
2026-07-24,directional-classifier-3class,A 3-class down/flat/up head beats the binary directional read,directional accuracy,,,,,shipped,docs/changelog/2026-07-24-directional-classifier-and-honest-serving-audit.md
2026-08-03,accuracy-clustered-by-date,Forecast-date clustering explains accuracy variance not the model,date-clustered SE,,,,,measured,docs/changelog/2026-08-03-accuracy-is-clustered-by-forecast-date.md
2026-08-06,bymykel-metadata,ByMykel item metadata adds accuracy on a paired retrain,paired DA delta,0,,,,refuted,docs/changelog/2026-08-06-bymykel-metadata-refuted.md
2026-08-06,csfloat-basis,CSFloat listing basis resolves prices better than the voted ask,resolution error,,,,,refuted,docs/changelog/2026-08-06-csfloat-basis-refuted.md
2026-08-06,market-relative-labels,Idiosyncratic (market-demeaned) labels train a better ranker,served rank IC,,,,,refuted,docs/changelog/2026-08-06-market-relative-labels-refuted.md
2026-08-06,served-cohort-weighting,Upweighting served rows in training lifts served accuracy,served accuracy delta,,,,,refuted,docs/changelog/2026-08-06-served-cohort-weighting-refuted.md
2026-08-06,serving-down-skew,A down-skewed served band covers the realised skew,conditional coverage,,,,,refuted,docs/changelog/2026-08-06-serving-down-skew-refuted.md
2026-08-06,volume-features,Volume-derived features belong in the served set,paired DA delta,,,,,refuted,docs/changelog/2026-08-06-volume-features-shelved.md
2026-08-07,bid-source-exclusion,Bids are a different quantity and must leave consensus voting,vote MAE,,,,,shipped,docs/changelog/2026-08-07-bid-source-excluded-from-voting.md
2026-08-07,pesaran-timmermann-headline,DA is quotable only beside PT + constant call + realised down rate,headline definition,,,,,shipped,docs/changelog/2026-08-07-pesaran-timmermann-headline.md
2026-08-08,frozen-price-runs-labels,Frozen runs are labellable signal,label coverage,,,,,shipped,docs/changelog/2026-08-08-frozen-price-runs-dropped-from-labels.md
2026-08-08,phase-collapsed-names,Doppler/Gamma-Doppler names are tradeable single series,within-name max/min,median 3.25x; 87.3% carry >2x dispersion,,,,refuted,docs/changelog/2026-08-08-phase-collapsed-names-dropped.md
2026-08-08,phantom-slug-keys,Lowercase-hyphenated duplicate keys are distinct items,universe count,,,,,shipped,docs/changelog/2026-08-08-phantom-slug-keys-dropped.md
2026-08-08,training-price-floor,Sub-$1 items train noise into the served model,served accuracy delta,,,,,shipped,docs/changelog/2026-08-08-training-price-floor-shipped.md
2026-08-09,composition-stability-quoting-artifact,Headline moves are a quoting-composition artifact not repricing,composition attribution,,,,,refuted,docs/changelog/2026-08-09-composition-stability-refutes-quoting-artifact.md
2026-08-10,naive-init-score-instrument,Boosting from -return_1d (N1) floors the q50 honestly,rank IC vs naive,,,,,measured,docs/changelog/2026-08-10-naive-init-score-instrument.md
2026-08-10,tier-lead-rank-instruments,Tier-lead and cross-sectional rank transforms transfer to serving,served rank IC,,,,,measured,docs/changelog/2026-08-10-tier-lead-and-rank-transform-instruments.md
2026-08-11,anchor-denominator-gap,The CV-vs-served gap is the p[d]/S[d] anchor denominator wedge,rank IC gap,+0.1464 total; +0.1398 wedge,,,,measured,docs/changelog/2026-08-11-the-gap-is-the-anchor-denominator.md
2026-08-11,c1-tied-cohort,C1 ranks on the clean (tied-anchor) cohort,tied rank IC,,,,,refuted,docs/changelog/2026-08-11-c1-fails-the-clean-cohort-read.md
2026-08-11,mean-reversion,A mean-reversion arm replicates on the clean cohort,tied rank IC,,,,,refuted,docs/changelog/2026-08-11-mean-reversion-does-not-replicate.md
2026-08-11,rank-on-clean-cohort,Arms are decided on the tied cohort not the pooled figure,methodology,,,,,shipped,docs/changelog/2026-08-11-rank-arms-on-the-clean-anchor-cohort.md
2026-08-11,rank-transform-transfer,The rank transform transfers its CV edge to serving,served rank IC,,,,,refuted,docs/changelog/2026-08-11-rank-transform-does-not-transfer-to-serving.md
2026-08-11,smoothed-anchor-label,Moving the label to the served denominator fixes the wedge,pooled served rank IC,+0.17 to +0.31 all wedge re-entering,,,,refuted,docs/changelog/2026-08-11-smoothed-anchor-label-measured.md
2026-08-11,market-factor-forecastable,The market factor is forecastable from its own history,factor R2,,,,,refuted,docs/changelog/2026-08-11-market-factor-is-not-forecastable-from-its-own-history.md
2026-08-12,expanding-window-band-width,Expanding-window CV sizes the band better than the pooled q_hat,coverage gap,,,,,refuted,docs/changelog/2026-08-12-expanding-window-refuted-for-band-width.md
2026-08-12,sigma-exponent-scale,One beta exponent per horizon sizes the band (modelled sigma),coverage at nominal,,,,,shipped,docs/changelog/2026-08-12-the-sigma-scale-is-one-exponent-per-horizon.md
2026-08-12,sigma-tilt-oof,The band is tilted in sigma on out-of-fold residuals,tilt elasticity,,,,,measured,docs/changelog/2026-08-12-sigma-tilt-confirmed-on-oof-residuals.md
2026-08-12,learned-band-scale,A GBM-learned scale beats fixed denominators for q_hat,width at matched coverage,,,,,refuted,docs/changelog/2026-08-12-learned-band-scale-measured.md
2026-08-13,lambdarank-diagnostic,LambdaRank clears the diagnostic rank bar on tied folds,tied rank IC,,,,,measured,docs/changelog/2026-08-13-lambdarank-clears-the-diagnostic-bar.md
2026-08-13,regime-training,Per-regime fits beat the global fit within-regime,within-regime DA,,,,,refuted,docs/changelog/2026-08-13-regime-training-duplicates-the-global-fit.md
2026-08-13,harness-trainer-pinning,Harnesses must run production's trainer not early-stopped proxies,methodology,,,,,shipped,docs/changelog/2026-08-13-ab-harnesses-follow-productions-trainer.md
2026-08-13,steamcommunity-universe,source=STEAMCOMMUNITY selects the served universe,selected rows,0 rows (values are NULL / aggregator_*),,,,refuted,docs/changelog/2026-08-13-harness-family-repinned-off-steamcommunity.md
2026-08-14,recency-decay-coverage,Recency-decayed training weights transfer to served coverage,served coverage delta,,,,,refuted,docs/changelog/2026-08-14-recency-decay-does-not-transfer-to-served-coverage.md
2026-08-14,supply-side-rarity,Rarity carries cross-sectional signal past the placebo,paired rank IC,,,,,refuted,docs/changelog/2026-08-14-supply-side-rarity-is-null-and-fails-the-placebo.md
2026-08-14,lambdarank-serving-transfer,LambdaRank vs-q50 ordering edge transfers to the served window,paired tied rank IC edge,h7 +0.035 only; h3 -0.174; h30 -0.069; h14 degenerate,,,,refuted,docs/changelog/2026-08-14-lambdarank-serving-transfer-measured.md
2026-08-15,armory-tier-post,Armory tier posts move prices tradably,event return,,,,,refuted,docs/changelog/2026-08-15-armory-tier-post-fails-and-fails-placebo.md
2026-08-15,range-forecaster-positioning,The product is a calibrated range not a directional call,product definition,,,,,shipped,docs/changelog/2026-08-15-cs2-oracle-is-a-range-forecaster.md
2026-08-15,exceedance-orthogonal-skill,P(move clears cost) has market-orthogonal skill,Brier vs null,,,,,measured,docs/changelog/2026-08-15-exceedance-target-phase1-has-market-orthogonal-skill.md
2026-08-16,exceedance-band-scale,sigma*sqrt(p_exceed) as the served band denominator,served coverage,refuted at serving (47-53% tail at matched 0.80 marginal; never reaches 0.80),,,,refuted,docs/changelog/2026-08-16-exceedance-band-scale-refuted-at-serving.md
2026-08-17,low-fee-arb,Low-fee cross-market arb prints net of costs,net edge,,,,,refuted,docs/changelog/2026-08-17-low-fee-arb-static-retest-negative.md
2026-08-17,volume-in-scale,Volume belongs in the band scale,conditional coverage,net negative,,,,refuted,docs/changelog/2026-08-17-volume-in-scale-is-net-negative.md
2026-08-18,listing-count-conditioner,Listing counts condition the band honestly,conditional coverage,,,,,refuted,docs/changelog/2026-08-18-listing-count-conditioner-refuted.md
2026-08-18,training-breadth-neutral,Item breadth past the $1 floor moves accuracy,accuracy delta,-0.02/+0.11/-0.14/-0.07pp every CI straddles zero,,,,measured,docs/changelog/2026-08-18-training-breadth-is-accuracy-neutral.md
2026-08-19,climatology-band-scale,Featureless per-item climatology as the band denominator,width at matched coverage,won over 3 modelled-sigma denominators,,,,shipped,docs/changelog/2026-08-19-climatology-band-scale-default-on.md
2026-08-19,direction-upweight,Upweighting positive-return rows fixes the conservative up bias,up-recall delta,neutral,,,,measured,docs/changelog/2026-08-19-direction-upweight-neutral.md
2026-08-19,signed-conformal-band,Asymmetric (q_lo q_hi) split-conformal replaces the symmetric band,coverage by tail,,,,,shipped,docs/changelog/2026-08-19-signed-conformal-band.md
2026-08-20,exceedance-served-signal,Disclosed move_odds served from the calibrated head,reliability,ECE <1.3pp h3/h7 ~3.8pp h30,,,,shipped,docs/changelog/2026-08-20-exceedance-served-signal.md
2026-08-21,feature-native-nan,Passing NaN to LightGBM natively beats median imputation,short-history bias,,,,,measured,docs/changelog/2026-08-21-feature-native-nan-built-gated-off.md
2026-08-22,gbm-band-clean-label,A GBM band adds coverage on the clean label,marginal coverage,decorative,,,,refuted,docs/changelog/2026-08-22-gbm-band-decorative-on-clean-label.md
2026-09-09,anomaly-head-null,An anomaly-probability head beats its null,paired metric,,,,,measured,docs/changelog/2026-09-09-anomaly-head-beats-its-null.md
2026-09-09,exceedance-meta,Item-metadata features improve the exceedance head,paired Brier,,,,,refuted,docs/changelog/2026-09-09-exceedance-meta-refuted.md
2026-09-09,waci-scale,WACI adaptive conformal scales the band honestly,width at matched coverage,void on placebo,,,,void,docs/changelog/2026-09-09-waci-measured-void-on-placebo.md
2026-09-10,anomaly-band-modulator,Anomaly probability modulates the band width honestly,conditional coverage,,,,,refuted,docs/changelog/2026-09-10-anomaly-band-modulator-refuted.md
2026-09-12,anomaly-p-persistence,Anomaly probabilities persist stably enough to gate on,persistence,,,,,shipped,docs/changelog/2026-09-12-anomaly-p-persistence-guard.md
2026-09-13,mondrian-conformal,Mondrian (vol-decile) conformal narrows the band honestly,width at matched coverage,-20 to -26% narrower but placebo matched (3rd strike: WACI probe width OOF),,,,refuted,docs/changelog/2026-09-13-mondrian-oof-confirm-closed.md
2026-09-13,qhat-bagging,Bagged q_hat narrows the band at matched coverage,width at matched coverage,probe width voided (placebo matched) 3rd time,,,,void,docs/changelog/2026-09-13-qhat-bagging-mondrian-probe.md
2026-09-13,served-centre-rank,Rank on the served centre beats rank on the fitted centre,served rank IC,,,,,void,docs/changelog/2026-09-13-served-centre-rank-void.md
2026-09-13,supply-velocity-transfer,Supply velocity transfers its archive edge to serving,served rank IC,,,,,refuted,docs/changelog/2026-09-13-supply-velocity-transfer-killed.md
2026-09-18,multi-head-champion-challenger,Exact served shadow predictions can safely arbitrate component promotion,framework contract,,,,,shipped,docs/changelog/2026-09-18-multi-head-champion-challenger-built.md
2026-09-20,csmarketapi-multi-source-labels,Multi-source labels from 7 CSMarketAPI markets improve ranking skill,clean anchor rank IC,+0.04 avg across 7d/14d/30d,,,,shipped,docs/changelog/2026-09-20-csmarketapi-backfill-and-retrain.md
